<?xml version="1.0" encoding="UTF-8"?>
<beans xmlns="http://www.springframework.org/schema/beans"
       xmlns:xsi="http://www.w3.org/2001/XMLSchema-instance"
       xmlns:context="http://www.springframework.org/schema/context"

       xmlns:mvc="http://www.springframework.org/schema/mvc"
       xmlns:aop="http://www.springframework.org/schema/aop"
       xsi:schemaLocation="
		http://www.springframework.org/schema/beans
    	http://www.springframework.org/schema/beans/spring-beans.xsd
    	http://www.springframework.org/schema/context
    	http://www.springframework.org/schema/context/spring-context.xsd
    	http://www.springframework.org/schema/mvc
        http://www.springframework.org/schema/mvc/spring-mvc.xsd">


    <!-- Add support for component scanning -->
    <context:component-scan base-package="com.example.springmvc" />

    <!-- Add support for conversion, formatting and validation support -->
    <mvc:annotation-driven/>

    <!-- Define Spring MVC view resolver -->
    <bean
            class="org.springframework.web.servlet.view.InternalResourceViewResolver">
        <property name="prefix" value="/WEB-INF/view/" />
        <property name="suffix" value=".jsp" />
    </bean>

    <!-- Load custom message resources -->
    <bean id="messageSource"
          class="org.springframework.context.support.ResourceBundleMessageSource">

    <property name="basenames" value="messages" />
    </bean>

</beans>